<?xml version="1.0" encoding="utf-8"?>
<odoo>
<data>
<template id="modern_report_deliveryslip_document">
<t t-if="o and 'company_id' in o">
                <t t-set="company" t-value="o.company_id"></t>
            </t>
            <t t-if="not o or not 'company_id' in o">
                <t t-set="company" t-value="res_company"></t>
            </t>
            <div class="header">
                <div class="row mt32 mb32">
                    <div class="col-6">
                        <img t-if="company.logo" t-att-src="'data:image/png;base64,%s' % to_text(company.logo)" style="max-height: 50px;" />
                    </div>
                    <div class="col-6 text-right" style="font:12px lucida-console,sans-serif !important;">
                        <span t-field="company.partner_id" />
                        <br/>
                        <span t-field="company.partner_id.street" />
                        <br/>
                        <span t-field="company.partner_id.street2" />
                        <br/>
                        <span t-field="company.partner_id.city" />
                        <br/>
                        <span t-field="company.partner_id.country_id" />
                        <br/>
                        <span t-field="company.partner_id.vat" />
                        <br/>
                    </div>
                </div>
            </div>

<t t-call="web.external_layout">
        <t t-set="o" t-value="o.with_context({'lang':o.partner_id.lang})"/>
        <div class="page">
           <div class="oe_structure"/>
            
                    <table class="table table-sm" style=" table-layout:fixed;" >
                <thead>
                    <tr>
                        <th width="30px" style="background-color:#893b74 !important;border: 1px !important; border-style: solid !important; border-color: #fff; color:#fff !important; ">Customer Address</th>
                        <th width="30px" style="background-color:#893b74 !important;border: 1px !important; border-style: solid !important; border-color: #fff; color:#fff !important; ">Contact Address</th>
                        <th width="20px" style="background-color:#893b74 !important;border: 1px !important; border-style: solid !important; border-color: #fff; color:#fff !important; ">Origin</th>
                        <th width="20px" style="background-color:#893b74 !important;border: 1px !important; border-style: solid !important; border-color: #fff; color:#fff !important; ">Scheduled Date</th>
                        <th width="20px" style="background-color:#893b74 !important;border: 1px !important; border-style: solid !important; border-color: #fff; color:#fff !important; ">Delevery #</th>
                    </tr>
               </thead>
               <tbody>
                    <tr>
                        <td style="border: 1px !important; border-style: solid !important; border-color: #fff !important;">
                            <div t-field="o.partner_id"/>
                            <t t-if="o.partner_id.street">
                                <t t-esc="o.partner_id.street"/>
                            </t><br/>
                            <t t-if="o.partner_id.street2">
                                <t t-esc="o.partner_id.street2"/>
                            </t><br/>
                            <t t-if="o.partner_id.city">
                                <t t-esc="o.partner_id.city"/>
                            </t><br/>
                            <t t-if="o.partner_id.state_id.name">
                                <t t-esc="o.partner_id.state_id.name"/>
                            </t><br/>
                            <t t-if="o.partner_id.country_id.name">
                                <t t-esc="o.partner_id.country_id.name"/>
                            </t><br/>
                            <t t-if="o.partner_id.zip">
                                <t t-esc="o.partner_id.zip"/>
                            </t><br/>
                            <div t-field="o.partner_id.vat"/>
                        </td>
                        <td style="border: 1px !important; border-style: solid !important; border-color: #fff !important;">
                            <div t-if="o.move_lines and o.move_lines[0].partner_id and o.move_lines[0].partner_id.id != o.partner_id.id">
                                <div>
                                    <div t-field="o.partner_id"/>
                                    <div t-field="o.partner_id.street"/>
                                    <span t-field="o.partner_id.street2" /><br/>
                                    <span t-field="o.partner_id.city" /><br/>
                                    <span t-field="o.partner_id.state_id" /><br/>
                                    <span t-field="o.partner_id.country_id" /><br/>
                                    <span t-field="o.partner_id.zip" />
                                    <br/>
                                    <div t-field="o.partner_id.vat"/>
                                </div>
                            </div>
                            <div t-if="(o.move_lines and o.move_lines[0].partner_id and o.move_lines[0].partner_id.id == o.partner_id.id) or o.move_lines and not o.move_lines[0].partner_id">
                                <div t-field="o.partner_id"/>
                                <div t-field="o.partner_id.street"/>
                                <span t-field="o.partner_id.street2" /><br/>
                                <span t-field="o.partner_id.city" /><br/>
                                <span t-field="o.partner_id.state_id" /><br/>
                                <span t-field="o.partner_id.country_id" /><br/>
                                <span t-field="o.partner_id.zip" /><br/>
                                <div t-field="o.partner_id.vat"/>
                            </div>
                        </td>
                        <td style="border: 1px !important; border-style: solid !important; border-color: #fff !important;">
                            <div t-field="o.picking_type_id"/>
                        </td>
                        <td style="border: 1px !important; border-style: solid !important; border-color: #fff !important;">
                            <b><div t-field="o.scheduled_date"/></b>
                        </td>
                        <td style="border: 1px !important; border-style: solid !important; border-color: #fff !important;">
                            <b><div t-field="o.name"/></b>
                        </td>
                    </tr>
                </tbody>
            </table>
            
            <table class="table table-sm" t-if="not o.move_line_ids">
                        <thead>
                            <tr>
                                <th style="background-color:#893b74 !important;color:#FFF !important;"><strong>Product</strong></th>
                                <th style="background-color:#893b74 !important;color:#FFF !important;"><strong>Ordered Quantity</strong></th>
                            </tr>
                        </thead>
                        <tbody>
                            <tr t-foreach="o.move_lines" t-as="move">
                                <td><span t-field="move.product_id"/></td>
                                <td>
                                    <span t-field="move.product_qty"/>
                                    <span t-field="move.product_uom"/>
                                </td>
                            </tr>
                        </tbody>
                    </table>
                    <table class="table table-sm" t-if="o.move_line_ids">
                        <t t-set="has_serial_number" t-value="o.move_line_ids.mapped('lot_id')" groups="stock.group_production_lot"/>
                        <thead style=" background-color: #893b74;" >
                            <tr>
                                <th style="background-color:#893b74 !important;color:#FFF !important;"><strong>Product</strong></th>
                                <th style="background-color:#893b74 !important;color:#FFF !important;" name="lot_serial" t-if="has_serial_number">
                                    Lot/Serial Number
                                </th>
                                <th style="background-color:#893b74 !important;color:#FFF !important;" class="text-center"><strong>Ordered Quantity</strong></th>
                                <th style="background-color:#893b74 !important;color:#FFF !important;" t-if="any([move_line.state == 'done' for move_line in o.move_line_ids])" class="text-right">
                                        <strong>Delivered Quantity</strong>
                                </th>
                            </tr>
                        </thead>
                        <tbody>
                            <tr t-foreach="o.move_line_ids" t-as="move_line">
                                <td>
                                    <span t-field="move_line.product_id"/>
                                    <p t-if="o.picking_type_code == 'outgoing'">
                                        <span t-field="move_line.product_id.description_pickingout"/>
                                    </p>
                                    <p t-if="o.picking_type_code == 'incoming'">
                                        <span t-field="move_line.product_id.description_pickingin"/>
                                    </p>
                                    <t t-if="not move_line.product_id and move_line.package_id">
                                        <span  t-field="move_line.package_id"/>
                                    </t>
                                </td>
                                <t t-if="has_serial_number">
                                   <td>
                                        <table width="100%">
                                            <tr>
                                                <td>
                                                     <span t-field="move_line.lot_id"/>
                                                     <t t-if="not move_line.lot_id">
                                                         <span t-field="move_line.lot_name"/>
                                                     </t>
                                                 </td>
                                                 <td name="lot_qty">
                                                     <t t-if="move_line.product_qty"> 
                                                        <span t-field="move_line.product_qty"/>
                                                    </t>
                                                </td>
                                            </tr>
                                        </table>
                                  </td>
                                </t>
                                <td class="text-center">
                                    <span t-field="move_line.package_id"/>
                                    <span t-if="move_line.package_id">:</span>
                                    <span t-field="move_line.product_qty"/>
                                    <span t-field="move_line.product_uom_id"/>
                                </td>
                                <td class="text-right" t-if="move_line.state == 'done'">
                                    <t t-if="move_line.product_qty != move_line.qty_done">
                                        <t t-set="backorder" t-value="True"/>
                                    </t>
                                    <span t-field="move_line.qty_done"/>
                                    <span t-field="move_line.product_uom_id"/>
                                </td>
                            </tr>
                        </tbody>
                    </table>
            
            </div>

    </t>
</template>

</data>
</odoo>
