<?xml version="1.0" encoding="utf-8"?>
<odoo>
<data>
<template id="fency_report_purchaseorder_document">
<t t-if="o and 'company_id' in o">
                <t t-set="company" t-value="o.company_id"></t>
            </t>
            <t t-if="not o or not 'company_id' in o">
                <t t-set="company" t-value="res_company"></t>
            </t>
            <div class="header">
                <div class="row mt32 mb32">
                    <div class="col-6">
                        <img t-if="company.logo" t-att-src="'data:image/png;base64,%s' % to_text(company.logo)" style="max-height: 50px;" />
                    </div>
                    <div class="col-6 text-right" style="font:12px lucida-console,sans-serif !important;">
                        <span t-field="company.partner_id" />
                        <br/>
                        <span t-field="company.partner_id.street" />
                        <br/>
                        <span t-field="company.partner_id.street2" />
                        <br/>
                        <span t-field="company.partner_id.city" />
                        <br/>
                        <span t-field="company.partner_id.country_id" />
                        <br/>
                        <span t-field="company.partner_id.vat" />
                        <br/>
                    </div>
                </div>
            </div>
            
    <t t-call="web.external_layout">
        <t t-set="o" t-value="o.with_context({'lang':o.partner_id.lang})"/>
        <div class="page">
            <div class="oe_structure"/>
            <h2 style=" background-color:  #3498DB;"><font color="#fff">Purchase Order:<span t-field="o.name"/></font></h2>
            <div class="row">
            <div class="col-6 ">
                <strong style="color:gray !important;">Vendor address:</strong><br/>
                    <span style="color:#3498DB !important;" t-field="o.partner_id" /><br/>
                        <span t-if="o.partner_id.street"  t-field="o.partner_id.street" /><br t-if="o.partner_id.street"/>
                        <span t-if="o.partner_id.street2"  t-field="o.partner_id.street2" /><br t-if="o.partner_id.street2"/>
                        <span t-if="o.partner_id.city"  t-field="o.partner_id.city" /><br t-if="o.partner_id.city"/>
                        <span t-if="o.partner_id.state_id"  t-field="o.partner_id.state_id" /><br/>
                        <span t-if="o.partner_id.country_id" t-field="o.partner_id.country_id" /><br t-if="o.partner_id.country_id"/>
                        <span t-if="o.partner_id.vat" t-field="o.partner_id.vat"/><br/>
                </div>

                <div class="col-6 text-left">
                    <strong style="color:gray !important;">Shipping address:</strong>
                    <div t-if="o.dest_address_id">
                        <div t-field="o.dest_address_id"
                            t-field-options='{"widget": "contact", "fields": ["address", "name", "phone", "fax"], "no_marker": true, "phone_icons": true}'/>
                     <div t-field="o.dest_address_id.vat"/>
                    </div>
                    <div t-if="not o.dest_address_id and o.picking_type_id.warehouse_id">
                        <span t-field="o.picking_type_id.warehouse_id.name"/>
                        <div t-field="o.picking_type_id.warehouse_id.partner_id"
                            t-field-options='{"widget": "contact", "fields": ["address", "phone", "fax"], "no_marker": true, "phone_icons": true}'/>
            <div t-field="o.picking_type_id.warehouse_id.partner_id.vat"/>
                    </div>
                </div>
                
            </div>

            

            <table class="table table-sm">
                <thead>
                    <tr>
                        <th style="background-color:#3498DB !important;color:#FFF !important;">Description</th>
                        <th style="background-color:#3498DB !important;color:#FFF !important;">Taxes</th>
                        <th style="background-color:#3498DB !important;color:#FFF !important;">Date Req.</th>
                        <th style="background-color:#3498DB !important;color:#FFF !important;">Qty</th>
                        <th style="background-color:#3498DB !important;color:#FFF !important;">Unit Price</th>
                        <th style="background-color:#3498DB !important;color:#FFF !important;">Net Price</th>
                    </tr>
                </thead>
                <tbody>
                    <tr t-foreach="o.order_line" t-as="line">
                        <td>
                            <span t-field="line.name"/>
                        </td>
                        <td>
                            <span t-esc="', '.join(map(lambda x: x.name, line.taxes_id))"/>
                        </td>
                        <td class="text-center">
                            <span t-field="line.date_planned"/>
                        </td>
                        <td class="text-right">
                            <span t-field="line.product_qty"/>
                            <span t-field="line.product_uom.name" groups="product.group_uom"/>
                        </td>
                        <td class="text-right">
                            <span t-field="line.price_unit"/>
                        </td>
                        <td class="text-right">
                            <span t-field="line.price_subtotal"
                                t-field-options='{"widget": "monetary", "display_currency": "o.currency_id"}'/>
                        </td>
                    </tr>
                </tbody>
            </table>
            
                <div class="col-xs-4 pull-right">
                    <table class="table table-condensed">
                        <tr class="border-black">
                            <td><strong>Total Without Taxes</strong></td>
                            <td class="text-right">
                                <span t-field="o.amount_untaxed"
                                    t-field-options='{"widget": "monetary", "display_currency": "o.currency_id"}'/>
                            </td>
                        </tr>
                        <tr>
                            <td>Taxes</td>
                            <td class="text-right">
                                <span t-field="o.amount_tax"
                                    t-field-options='{"widget": "monetary", "display_currency": "o.currency_id"}'/>
                            </td>
                        </tr>
                        <tr style=" background-color: #3498DB;" class="border-black">
                            <td><strong>Total</strong></td>
                            <td class="text-right">
                                <span t-field="o.amount_total"
                                    t-field-options='{"widget": "monetary", "display_currency": "o.currency_id"}'/>
                            </td>
                        </tr>
                    </table>
                </div>
            <br/><br/><br/><br/><br/><br/><br/><br/>
            <div style=" background-color: #3498DB; color:#fff !important; font:15px lucida-console,sans-serif !important; ">
            <p t-if="o.notes">
            <strong><span>Note:</span> </strong> <span t-field="o.notes" />
            </p>
            </div>

            <div class="oe_structure"/>
        </div>
    </t>
</template>
</data>
</odoo>
    